Page,Summary
Page 1," The NUS Confidential Course is based at the University of Cambridge . The course is based in Cambridge, Cambridge and London . The syllabus is based on a four-month course from September to November 2024 ."
Page 2," 9 Sep 2024 Monday 9:00am - 5:00pm 9:30am 9:40pm 9 September 2024 9:50pm 9 Sep 24/24/25 September 24 September 24 . September 24 is September 24, September"
Page 3," AY2024 / 2025 Semester 1 Exam Timetable . Exam dates may be subjected to changes due to unforeseen circumstances, if applicable ."
Page 4," The NUS Confidential Course is a Graduate Certificate in Intelligent Robotic Systems . Course: The Course Manager: ""Pursursur"" The Course: 'Pursurur' The Course's syllabus: 'Purursur"
Page 5, Course: The Graduate Certificate in Intelligent Sensing Systems (ISY5004) The NUS Confidential Course is based at the University of Sheffield . The syllabus is based on a four-month period of study .
Page 6," AIS TimetableAY2024/2025# is NUS Confidential . Course: 'phthalic' Course: ""phthalic"" Course Manager: 'glyphic'"
Page 7," The NUS Confidential Course is based at the University of Sydney . The syllabus is called 'glyglyglyphic' and 'geopryphic', and the syllabus will be published in the UK and Australia ."
Page 8," AY2024 / 2025 Semester 2 Exam Timetable . Exam dates may be subjected to changes due to unforeseen circumstances, if applicable ."
Overall Summary," Exam dates may be subjected to changes due to unforeseen circumstances, if applicable . Graduate Certificate in Intelligent Reasoning Systems and Machine Learning Systems ."
